path,id
chess-hk-bk.png,sv7JfrPnBXd2l2HtIoLBoEUODvC7PAK7vrKnyaWoUcg
chess-hk-wp.png,-7_s-7LnDn4qM5Q0jpjcteRQu2yAGWXmMwS3kI0lSTw
chess-hk-wr.png,7uEwuoFxvVkfFvHMThafcjDUGBnpPJ6SO2pLUDiIYGE
chess-hk-wb.png,Ckv60R4iA6GNXxBkM-KLUdWkcAFCFGThnQxOP7ZNFNE
chess-hk-wq.png,_tDEJmWurd4GwmiyZCBFpQC2sOFtIpk9KNLBV9Q0l7s
chess-hk-bp.png,LzI45apIve-AjB6A3ZD_d7EoUrCMcUTztsOaF_juopk
chess-hk-wn.png,cGlNyjGgFZErPN7HtV75BcoyXoyBM4Meh1gX1SAwkAQ
chess-hk-bn.png,d1Lcj3HD4IOhfgbghI7LQwsEh28-VchTQRaPWfcCp7w
chess-hk-br.png,9P9Ytq3dYyAKEsqtAjooRdZBSL30zbwVleIZcBAyQAc
chess-hk-wk.png,0iKUMCo2xIU8ZYLbFNeCgJmfKXtgOK2GnfflN8x8cQw
chess-hk-bq.png,bVeVEsYXbUpPuKMAFR8RUZKeS7zQPDS61zT1D7oN3ys
chess-hk-bb.png,1G6xINtjiTK5LE5ZxBJW0_ARF-iHaYtDvEtZng1MlHo
.comments/chess-hk-bn.png.xml,uXmD-pMVTAmXWcD92GjVGQ-odcdjxKKy2KSmoNVIzds
.comments/chess-hk-wq.png.xml,7FwCtCU8F7IiTCwL56iz9_PhO7g20UZZRpAHToRSemU
.comments/chess-hk-wb.png.xml,pqIWiC1psP8m2kftMkda9KAVqztXu0H0W0IX-wyrr5M
.comments/chess-hk-wn.png.xml,2gmAYEwZGYoQ4dvW3miEX5zgq6DibFWLCJSMwc6t_6M
.comments/chess-hk-wr.png.xml,YZTuP9O8t19GfjAmD4blcNUGH6qg9DEHC5ZLcpEVwc8
.comments/chess-hk-br.png.xml,_6XY8icJGyE3Of28Li-j6LNIvvILbB1rjIcY7ICLMA4
.comments/chess-hk-wp.png.xml,qGC36VCWEIQKF08OVAS79YcGMkdaoIC87r2CSrP37Ac
.comments/chess-hk-bq.png.xml,xvQ6dU5Fzrd_lKlSjutu3-b2RdUkIdDhUFCekbwtRFI
chess-hk.png,IxdL73-Wn-vZKOkSDgIBekAckEXdkT3TzD7iG8HphL4
